{"app_version":59,"keymap_db_version":13,"fingerprint_map_list":[{"action_list":[],"constraints":[],"constraint_mode":1,"extras":[],"flags":0,"id":0,"enabled":true},{"action_list":[],"constraints":[],"constraint_mode":1,"extras":[],"flags":0,"id":1,"enabled":true},{"action_list":[],"constraints":[],"constraint_mode":1,"extras":[],"flags":0,"id":2,"enabled":true},{"action_list":[],"constraints":[],"constraint_mode":1,"extras":[],"flags":0,"id":3,"enabled":true}],"keymap_list":[{"actionList":[{"data":"toggle_flashlight","extras":[{"data":"option_lens_back","id":"extra_flash"}],"flags":0,"type":"SYSTEM_ACTION","uid":"fd36a60d-78fd-4b56-b8f1-5670f49c73d6"}],"constraintList":[],"constraintMode":1,"flags":0,"id":1,"isEnabled":true,"trigger":{"extras":[],"flags":5,"keys":[{"clickType":0,"deviceId":"io.github.sds100.keymapper.THIS_DEVICE","flags":0,"keyCode":25,"uid":"43b36fbb-f4e8-40b4-948d-23220986562e"},{"clickType":0,"deviceId":"io.github.sds100.keymapper.THIS_DEVICE","flags":0,"keyCode":25,"uid":"37e6af07-6ce2-45b1-9c70-ac856880196d"},{"clickType":0,"deviceId":"io.github.sds100.keymapper.THIS_DEVICE","flags":0,"keyCode":25,"uid":"a1651490-13a6-4852-84e3-200554d04ce2"}],"mode":1},"uid":"caf0a9fc-24db-43ff-bb6d-edf630d49d8e"},{"actionList":[{"data":"volume_mute","extras":[],"flags":1,"type":"SYSTEM_ACTION","uid":"46f26a1b-493a-4cf0-95bc-9be51f0d898e"},{"data":"ringer_mode_cycle_vibrate_ring","extras":[],"flags":0,"type":"SYSTEM_ACTION","uid":"82303654-f7d3-4dcf-993b-ad0b3ee89d68"},{"data":"volume_show_dialog","extras":[],"flags":0,"type":"SYSTEM_ACTION","uid":"89435b18-63fc-4ea1-8324-751ae5d091e9"}],"constraintList":[{"extras":[{"data":"option_lens_back","id":"extra_flashlight_camera_lens"}],"type":"flashlight_off"}],"constraintMode":1,"flags":0,"id":2,"isEnabled":true,"trigger":{"extras":[],"flags":0,"keys":[{"clickType":1,"deviceId":"io.github.sds100.keymapper.THIS_DEVICE","flags":0,"keyCode":25,"uid":"ad61ca38-6130-4c3e-b24c-f5ab4db284ca"}],"mode":2},"uid":"a103da65-509a-4f53-b8b6-9e3bf81244a1"},{"actionList":[{"data":"switch_orientation","extras":[],"flags":0,"type":"SYSTEM_ACTION","uid":"cfc3118d-338f-4f97-b3ad-d8b277ed7808"}],"constraintList":[{"extras":[{"data":"com.google.android.GoogleCamera","id":"extra_package_name"}],"type":"constraint_app_not_foreground"},{"extras":[{"data":"com.snapchat.android","id":"extra_package_name"}],"type":"constraint_app_not_foreground"}],"constraintMode":1,"flags":0,"id":3,"isEnabled":true,"trigger":{"extras":[],"flags":0,"keys":[{"clickType":0,"deviceId":"io.github.sds100.keymapper.THIS_DEVICE","flags":0,"keyCode":24,"uid":"46ad54db-3957-434f-87a2-cd9fb4bd3aaa"},{"clickType":0,"deviceId":"io.github.sds100.keymapper.THIS_DEVICE","flags":0,"keyCode":25,"uid":"d37a377d-7b2e-4d7b-81b9-1d9fc5d89b22"},{"clickType":0,"deviceId":"io.github.sds100.keymapper.THIS_DEVICE","flags":0,"keyCode":24,"uid":"cc17ae08-5d35-476b-95d2-70adb5ec0e9a"}],"mode":1},"uid":"4d10e878-8818-4965-86a3-9101a5b8a28a"},{"actionList":[{"data":"consume_key_event","extras":[{"data":"10000","id":"extra_delay_before_next_action"}],"flags":0,"type":"SYSTEM_ACTION","uid":"b1e9aa19-f1e7-4958-aade-23690d993c4f"},{"data":"712,2779","extras":[{"data":"Take Pic","id":"extra_coordinate_description"}],"flags":0,"type":"TAP_COORDINATE","uid":"b2346753-f360-47d4-9f2d-4a5fb311b1ce"},{"data":"4628bf27-1cfb-4eee-897f-57f81dc89167","extras":[{"data":"Calm.ogg","id":"extra_sound_file_description"}],"flags":0,"type":"SOUND","uid":"1d32d3b8-f50a-4c65-b57f-cea5358b9fcc"}],"constraintList":[{"extras":[{"data":"com.snapchat.android","id":"extra_package_name"}],"type":"constraint_app_foreground"}],"constraintMode":1,"flags":0,"id":4,"isEnabled":true,"trigger":{"extras":[],"flags":17,"keys":[{"clickType":0,"deviceId":"io.github.sds100.keymapper.THIS_DEVICE","flags":0,"keyCode":25,"uid":"3272445d-e420-4b15-b9a6-4dcf1bb9c62c"}],"mode":2},"uid":"1bf1d5f9-e7b2-46ef-90e0-138a5e5b048c"},{"actionList":[{"data":"open_camera","extras":[],"flags":0,"type":"SYSTEM_ACTION","uid":"4acf919e-75b4-42d0-8e87-3290240e8498"}],"constraintList":[{"extras":[{"data":"com.google.android.GoogleCamera","id":"extra_package_name"}],"type":"constraint_app_not_foreground"},{"extras":[{"data":"com.snapchat.android","id":"extra_package_name"}],"type":"constraint_app_not_foreground"}],"constraintMode":1,"flags":0,"id":5,"isEnabled":true,"trigger":{"extras":[],"flags":1,"keys":[{"clickType":1,"deviceId":"io.github.sds100.keymapper.THIS_DEVICE","flags":0,"keyCode":24,"uid":"7e90df3a-fe05-40e0-87a3-0663e539a0cd"}],"mode":2},"uid":"16d7ba5f-8a53-4c02-a14c-63c9f3ab49dd"},{"actionList":[{"data":"com.series.anlight","extras":[{"data":"500","id":"extra_delay_before_next_action"}],"flags":0,"type":"APP","uid":"8ff083d8-abbe-4c46-80da-b392e4f396d3"},{"data":"1226,2300","extras":[{"data":"phone light button","id":"extra_coordinate_description"},{"data":"360","id":"extra_delay_before_next_action"}],"flags":0,"type":"TAP_COORDINATE","uid":"dc097f87-2fa0-405d-89e1-e21df18fa211"},{"data":"200,200","extras":[{"data":"anywhere","id":"extra_coordinate_description"}],"flags":0,"type":"TAP_COORDINATE","uid":"acfab3f8-b8e5-4948-8c2e-94e169c1b6a7"}],"constraintList":[{"extras":[{"data":"com.series.anlight","id":"extra_package_name"}],"type":"constraint_app_not_foreground"},{"extras":[{"data":"com.google.android.GoogleCamera","id":"extra_package_name"}],"type":"constraint_app_not_foreground"},{"extras":[{"data":"com.snapchat.android","id":"extra_package_name"}],"type":"constraint_app_not_foreground"}],"constraintMode":1,"flags":0,"id":6,"isEnabled":true,"trigger":{"extras":[],"flags":16,"keys":[{"clickType":0,"deviceId":"io.github.sds100.keymapper.THIS_DEVICE","flags":0,"keyCode":24,"uid":"0e3d96e2-c24c-4778-a4ef-5a1ef4bbdb14"},{"clickType":0,"deviceId":"io.github.sds100.keymapper.THIS_DEVICE","flags":0,"keyCode":25,"uid":"0b47d0e9-1ff5-4bb4-90d6-09f8b2f47025"},{"clickType":0,"deviceId":"io.github.sds100.keymapper.THIS_DEVICE","flags":0,"keyCode":25,"uid":"62460ae8-f66d-49b8-b5c5-61e9c9a72f4c"}],"mode":1},"uid":"49cdeb38-8695-4fcb-8aa9-b9625fcc7fd9"},{"actionList":[{"data":"go_home","extras":[],"flags":0,"type":"SYSTEM_ACTION","uid":"0427a3ad-1538-4ebc-b448-e746a73a1814"}],"constraintList":[{"extras":[{"data":"com.series.anlight","id":"extra_package_name"}],"type":"constraint_app_foreground"}],"constraintMode":1,"flags":0,"id":7,"isEnabled":true,"trigger":{"extras":[],"flags":0,"keys":[{"clickType":0,"deviceId":"io.github.sds100.keymapper.THIS_DEVICE","flags":0,"keyCode":24,"uid":"175966a6-a3f8-46fd-a608-fc7433573c02"},{"clickType":0,"deviceId":"io.github.sds100.keymapper.THIS_DEVICE","flags":0,"keyCode":25,"uid":"6b0c6e54-8187-42c8-aed8-a5ca9403913f"},{"clickType":0,"deviceId":"io.github.sds100.keymapper.THIS_DEVICE","flags":0,"keyCode":25,"uid":"820f28c5-ee9d-4165-9c7b-656b0cd9051f"}],"mode":1},"uid":"ce3ed8c6-131e-4ad3-982b-03dc329f7db4"}]}